{
    "loss": 2.9554426670074463,
    "accuracy": 0.5035971403121948
}